Name,URL,Price,Ratings,# of Reviews
"O-Cedar EasyWring Microfiber Spin Mop, Bucket Floor Cleaning System",https://www.amazon.com/Cedar-EasyWring-Microfiber-Bucket-Cleaning/dp/B00WSWGVZQ/ref=sr_1_5?ie=UTF8&qid=1547823440&sr=8-5&keywords=Mop,2997,4.3,"5,471"
O-Cedar MicroTwist Microfiber Twist Mop,https://www.amazon.com/O-Cedar-MicroTwist-Microfiber-Twist-Mop/dp/B00W7XM8US/ref=sr_1_6?ie=UTF8&qid=1547823440&sr=8-6&keywords=Mop,998,3.2,338
"18"" Professional Microfiber Mop | Stainless Steel Handle | 3 Premium Mop Pads + 2 FREE Microfiber Cloths",https://www.amazon.com/Professional-Microfiber-Stainless-Handle-Premium/dp/B00KAIU6BA/ref=sr_1_7?ie=UTF8&qid=1547823440&sr=8-7&keywords=Mop,3998,4.7,"2,598"
"Swiffer Sweeper Dry and Wet Floor Mopping and Cleaning Starter Kit, All Purpose Floor Cleaning Products, Includes: 1 Mop, 7 Dry Pads, 3 Wet Pads",https://www.amazon.com/Swiffer-Sweeper-Mopping-Cleaning-Products/dp/B00N6FT6TM/ref=sr_1_8_a_it?ie=UTF8&qid=1547823440&sr=8-8&keywords=Mop,,4.3,"1,948"
O-Cedar ProMist MAX Microfiber Spray Mop,https://www.amazon.com/Cedar-ProMist-MAX-Spray-Mop/dp/B01MYNBGQJ/ref=sr_1_9?ie=UTF8&qid=1547823440&sr=8-9&keywords=Mop,1998,3.9,900
Aootek Upgraded Stainless Steel Deluxe 360 Spin Mop & Bucket Floor Cleaning System Included EasyPress Handle with 3 Microfiber Mop Heads,https://www.amazon.com/Aootek-Upgraded-Stainless-EasyPress-Microfiber/dp/B06XZ2GXS7/ref=sr_1_10?ie=UTF8&qid=1547823440&sr=8-10&keywords=Mop,3399,4,759
"Swiffer WetJet Hardwood Floor Mopping and Cleaning Starter Kit, All Purpose Floor Cleaning Products, Includes: 1 Mop, 5 Pads, 1 Cleaning Solution, Batteries",https://www.amazon.com/Swiffer-WetJet-Hardwood-Cleaner-Starter/dp/B00MNX7J6K/ref=sr_1_13_a_it?ie=UTF8&qid=1547823440&sr=8-13&keywords=Mop,,3.9,"1,689"
O-Cedar EasyWring Microfiber Spin Mop & Bucket Floor Cleaning System with 1 Extra Refill,https://www.amazon.com/Cedar-EasyWring-System-Extra-Refill/dp/B071G1J8TZ/ref=sr_1_14?ie=UTF8&qid=1547823440&sr=8-14&keywords=Mop,3329,4.5,681
"LINKYO Microfiber Hardwood Floor Mop - 3 Reusable Flat Mop Pads and Extension Included, for Wet or Dry Floor Cleaning",https://www.amazon.com/LINKYO-Microfiber-Hardwood-Floor-Mop/dp/B018STEIMK/ref=sr_1_15?ie=UTF8&qid=1547823440&sr=8-15&keywords=Mop,2495,4.6,"1,209"
"O-Cedar Commercial-Grade Heavy Duty Looped-End String Mop, 24 oz Head",https://www.amazon.com/d/Commercial-Wet-Spin-Microfiber-Mops/Cedar-Commercial-Grade-Heavy-Looped-End-String/B01BX7JKRC/ref=sr_1_16?ie=UTF8&qid=1547823440&sr=8-16&keywords=Mop,2999,3.4,117
"BISSELL PowerFresh Steam Mop, Floor Steamer, Tile Cleaner, and Hard Wood Floor Cleaner, 1940",https://www.amazon.com/BISSELL-PowerFresh-Steamer-Cleaner-1940/dp/B0091YYUAM/ref=sr_1_17?ie=UTF8&qid=1547823440&sr=8-17&keywords=Mop,8900,4.1,"10,766"
"Rubbermaid Reveal Spray Mop Floor Cleaning Kit, Bundles: 1 Mop, 4 Multi-Surface Microfiber Wet Mopping Pads, 3 Refillable Bottles (1892663)",https://www.amazon.com/Rubbermaid-1892663-Reveal-Spray-Mop/dp/B00FEBARJE/ref=sr_1_18?ie=UTF8&qid=1547823440&sr=8-18&keywords=Mop,4499,4,"2,660"
"Selric [Bear Image] Super Chenille Microfiber Washable Mop Slippers Shoes for Women, Floor Dust Dirt Hair Cleaner, Multi-sizes & Multi-Colors Available 9 7/9""[Size:5.5-8.5.]",https://www.amazon.com/Selric-Microfiber-Multi-sizes-Multi-Colors-Available/dp/B01LSZMXEQ/ref=sr_1_19?ie=UTF8&qid=1547823440&sr=8-19&keywords=Mop,1199,4.3,134
"Homitt Electric Spin Mop Cordless Floor Mop, Power Floor Scrubber Spray Mop with Adjustable Handle and 4 Replaceable Microfiber Mop Pads for Cleaning Hardwood Floor and Tile",https://www.amazon.com/Homitt-Electric-Adjustable-Replaceable-Microfiber/dp/B07M5KDN3V/ref=sr_1_20?ie=UTF8&qid=1547823440&sr=8-20&keywords=Mop,8400,1,1
STAINMASTER Sweep & Mop Floor Cleaning Tool with Reusable Microfiber Refill...,https://www.amazon.com/STAINMASTER-Cleaning-Reusable-Microfiber-description/dp/B0725GQLG9/ref=sr_1_21_a_it?ie=UTF8&qid=1547823440&sr=8-21&keywords=Mop,,3.4,36
360° Easy Clean Floor Mop Bucket 2 Heads Microfiber Spin Rotating Head - Purple,https://www.amazon.com/Clean-Floor-Bucket-Microfiber-Rotating/dp/B01A99LLCM/ref=sr_1_19?ie=UTF8&qid=1547823444&sr=8-19&keywords=Mop,2559,5,1
Twist and Shout Mop - The Award-winning Original Hand Push Spin Mop - Life Time Warranty (Complete System including 2 Microfiber Mopheads),https://www.amazon.com/Twist-Shout-Mop-Award-winning-Microfiber/dp/B07D29S4GS/ref=sr_1_20?ie=UTF8&qid=1547823444&sr=8-20&keywords=Mop,4995,4.4,628
"Evriholder SW-250I-AMZ-6 FURemover Broom with Squeegee Telescoping Handle That Extends from 3-6', Small, Black",https://www.amazon.com/Evriholder-FURemover-Squeegee-Multi-Surface-Telescoping/dp/B000EFDOOA/ref=sr_1_21?ie=UTF8&qid=1547823444&sr=8-21&keywords=Mop,,4,"4,637"
Shark Steam Pocket Mop Hard Floor Cleaner with Swivel Steering XL Water Tank (S3501),https://www.amazon.com/Shark-Pocket-Cleaner-Steering-S3501/dp/B0028MB3HM/ref=sr_1_22?ie=UTF8&qid=1547823444&sr=8-22&keywords=Mop,5384,4.1,"3,432"
"Nine Forty Industrial Strength Premium Looped End Wet Mop Floor Cleaner Kit | Large, 24 Ounce Commercial Mop Head with Aluminum Extension Handle and Flip Grip Clamp",https://www.amazon.com/Nine-Forty-Industrial-Commercial-Extension/dp/B00T1VQSL4/ref=sr_1_23?ie=UTF8&qid=1547823444&sr=8-23&keywords=Mop,3995,4.1,47
"Steam Mop Cleaner ThermaPro 10-in-1 with Convenient Detachable Handheld Unit, Laminate/Hardwood/Tiles/Carpet Kitchen - Garment - Clothes - Pet Friendly Steamer Whole House Multipurpose Use by PurSteam",https://www.amazon.com/Steam-Mop-Cleaner-ThermaPro-System/dp/B077S6KQ88/ref=sr_1_24?ie=UTF8&qid=1547823444&sr=8-24&keywords=Mop,6997,4.3,506
"MAYSHINE Microfiber Hardwood Floor Dust Mop - 5 Washable & Reusable Flat Mops Cloths/Pads, for Wet or Dry Floor Cleaning",https://www.amazon.com/MAYSHINE-Microfiber-Hardwood-Floor-Dust/dp/B07B9VZ1SH/ref=sr_1_25?ie=UTF8&qid=1547823444&sr=8-25&keywords=Mop,1999,4.5,135
"Spin Mop Bucket, YAMTION EasyWring Mop with Bucket System for Floor Cleaning, 360 Degree Rotation Mop with 2 Pack Reusable Pads for Hardwood, Tile and Laminate Flooring (Blue Bucket Mop)",https://www.amazon.com/YAMTION-EasyWring-Cleaning-Rotation-Reusable/dp/B07GGFC3FM/ref=sr_1_26?ie=UTF8&qid=1547823444&sr=8-26&keywords=Mop,2499,4,43
"BISSELL Spinwave Plus Hard Floor Cleaner and Mop, Silver",https://www.amazon.com/BISSELL-Spinwave-Floor-Cleaner-Silver/dp/B079HQ2H6C/ref=sr_1_27?ie=UTF8&qid=1547823444&sr=8-27&keywords=Mop,10623,4.4,"1,015"
O-Cedar EasyWring Spin Mop Refill (Pack of 4),https://www.amazon.com/Cedar-EasyWring-Spin-Refill-Pack/dp/B0143GZ1LE/ref=sr_1_28?ie=UTF8&qid=1547823444&sr=8-28&keywords=Mop,1778,4.2,536
